{
  "project_info": {
    "project_number": "798682401624",
    "project_id": "last-6cfb0",
    "storage_bucket": "last-6cfb0.appspot.com"
  },
  "client": [
    {
      "client_info": {
        "mobilesdk_app_id": "1:798682401624:android:80469bfcca32c3764bb32d",
        "android_client_info": {
          "package_name": "com.example.navbar"
        }
      },
      "oauth_client": [
        {
          "client_id": "798682401624-ttcflv534g2toe76m5uecliqtauji3li.apps.googleusercontent.com",
          "client_type": 1,
          "android_info": {
            "package_name": "com.example.navbar",
            "certificate_hash": "1dfb9c293b67e21cba4c1e9f8aa7f85d5fc757da"
          }
        },
        {
          "client_id": "798682401624-oe6n1tdiaj8crbdfh4e1lko7qillu575.apps.googleusercontent.com",
          "client_type": 3
        }
      ],
      "api_key": [
        {
          "current_key": "AIzaSyDaBRkFghipHpD2_TcAa0w4doqMSfjUrzc"
        }
      ],
      "services": {
        "appinvite_service": {
          "other_platform_oauth_client": [
            {
              "client_id": "798682401624-oe6n1tdiaj8crbdfh4e1lko7qillu575.apps.googleusercontent.com",
              "client_type": 3
            }
          ]
        }
      }
    }
  ],
  "configuration_version": "1"
}